canonical_market_name,market_type,category,venue,market_id,notes
Movie Delay: Shrek 5 (past Jun 30 2027),binary,culture,Kalshi,KXMOVIEDELAY-27JUL01,"Verified: both resolve on official release-date-delay announcement past June 30 2027, same resolution mechanism."
Movie Delay: Shrek 5 (past Jun 30 2027),binary,culture,Polymarket,3055355,"Verified: both resolve on official release-date-delay announcement past June 30 2027, same resolution mechanism."
Fed Decision Sep 2026 Meeting: Cut 50+ bps,binary,economics,Kalshi,KXFEDDECISION-26SEP-C26,"Verified 2026-08-17: both resolve on upper-bound fed funds target range change after the Sep 16 2026 FOMC meeting, same close/end date. Kalshi rules_primary: cut >25bps. Polymarket id 2252242 question: decrease by 50+ bps."
Fed Decision Sep 2026 Meeting: Cut 50+ bps,binary,economics,Polymarket,2252242,"Verified 2026-08-17: paired with Kalshi KXFEDDECISION-26SEP-C26. Same Sep 16 2026 meeting, same measure (upper bound fed funds target range)."
Fed Decision Sep 2026 Meeting: Cut 25 bps,binary,economics,Kalshi,KXFEDDECISION-26SEP-C25,"Verified 2026-08-17: Kalshi rules_primary: cut of 25bps on Sep 16 2026. Paired with Polymarket id 2252243 (decrease by 25 bps, same meeting/measure)."
Fed Decision Sep 2026 Meeting: Cut 25 bps,binary,economics,Polymarket,2252243,"Verified 2026-08-17: paired with Kalshi KXFEDDECISION-26SEP-C25. Same Sep 16 2026 meeting, same measure."
Fed Decision Sep 2026 Meeting: No Change,binary,economics,Kalshi,KXFEDDECISION-26SEP-H0,"Verified 2026-08-17: Kalshi rules_primary: hike of 0bps on Sep 16 2026 (i.e. no change). Paired with Polymarket id 2252244 (no change, same meeting/measure)."
Fed Decision Sep 2026 Meeting: No Change,binary,economics,Polymarket,2252244,"Verified 2026-08-17: paired with Kalshi KXFEDDECISION-26SEP-H0. Same Sep 16 2026 meeting, same measure."
Fed Decision Sep 2026 Meeting: Hike 25 bps,binary,economics,Kalshi,KXFEDDECISION-26SEP-H25,"Verified 2026-08-17: Kalshi rules_primary: hike of 25bps on Sep 16 2026. Paired with Polymarket id 2252245 (increase by 25 bps, same meeting/measure)."
Fed Decision Sep 2026 Meeting: Hike 25 bps,binary,economics,Polymarket,2252245,"Verified 2026-08-17: paired with Kalshi KXFEDDECISION-26SEP-H25. Same Sep 16 2026 meeting, same measure."
Fed Decision Sep 2026 Meeting: Hike 50+ bps,binary,economics,Kalshi,KXFEDDECISION-26SEP-H26,"Verified 2026-08-17: Kalshi rules_primary: hike >25bps on Sep 16 2026. Paired with Polymarket id 2252246 (increase by 50+ bps, same meeting/measure)."
Fed Decision Sep 2026 Meeting: Hike 50+ bps,binary,economics,Polymarket,2252246,"Verified 2026-08-17: paired with Kalshi KXFEDDECISION-26SEP-H26. Same Sep 16 2026 meeting, same measure."
Ottawa Mayor 2026: Mark Sutcliffe,binary,elections,Kalshi,KXOTTAWAMAYOR-26OCT26-MSUT,"Verified 2026-08-18: same election (rules/description agree on date, official source), same candidate. Series-level spot check: Ottawa Mayor 2026 structure confirmed via rules_primary/description text."
Ottawa Mayor 2026: Mark Sutcliffe,binary,elections,Polymarket,1822574,"Verified 2026-08-18: same election (rules/description agree on date, official source), same candidate. Series-level spot check: Ottawa Mayor 2026 structure confirmed via rules_primary/description text."
Ottawa Mayor 2026: Jeff Leiper,binary,elections,Kalshi,KXOTTAWAMAYOR-26OCT26-JLEI,"Verified 2026-08-18: same election (rules/description agree on date, official source), same candidate. Series-level spot check: Ottawa Mayor 2026 structure confirmed via rules_primary/description text."
Ottawa Mayor 2026: Jeff Leiper,binary,elections,Polymarket,1822578,"Verified 2026-08-18: same election (rules/description agree on date, official source), same candidate. Series-level spot check: Ottawa Mayor 2026 structure confirmed via rules_primary/description text."
Ottawa Mayor 2026: Catherine McKenney,binary,elections,Kalshi,KXOTTAWAMAYOR-26OCT26-CMCK,"Verified 2026-08-18: same election (rules/description agree on date, official source), same candidate. Series-level spot check: Ottawa Mayor 2026 structure confirmed via rules_primary/description text."
Ottawa Mayor 2026: Catherine McKenney,binary,elections,Polymarket,1822580,"Verified 2026-08-18: same election (rules/description agree on date, official source), same candidate. Series-level spot check: Ottawa Mayor 2026 structure confirmed via rules_primary/description text."
Ottawa Mayor 2026: Alex Lawson,binary,elections,Kalshi,KXOTTAWAMAYOR-26OCT26-ALAW,"Verified 2026-08-18: same election (rules/description agree on date, official source), same candidate. Series-level spot check: Ottawa Mayor 2026 structure confirmed via rules_primary/description text."
Ottawa Mayor 2026: Alex Lawson,binary,elections,Polymarket,1822576,"Verified 2026-08-18: same election (rules/description agree on date, official source), same candidate. Series-level spot check: Ottawa Mayor 2026 structure confirmed via rules_primary/description text."
Ottawa Mayor 2026: Neil Saravanamuttoo,binary,elections,Kalshi,KXOTTAWAMAYOR-26OCT26-NSAR,"Verified 2026-08-18: same election (rules/description agree on date, official source), same candidate. Series-level spot check: Ottawa Mayor 2026 structure confirmed via rules_primary/description text."
Ottawa Mayor 2026: Neil Saravanamuttoo,binary,elections,Polymarket,1822579,"Verified 2026-08-18: same election (rules/description agree on date, official source), same candidate. Series-level spot check: Ottawa Mayor 2026 structure confirmed via rules_primary/description text."
Vancouver Mayor 2026: Ken Sim,binary,elections,Kalshi,KXVANCOUVERMAYOR-26OCT17-KSIM,"Verified 2026-08-18: same election (rules/description agree on date, official source), same candidate. Series-level spot check: Vancouver Mayor 2026 structure confirmed via rules_primary/description text."
Vancouver Mayor 2026: Ken Sim,binary,elections,Polymarket,1822537,"Verified 2026-08-18: same election (rules/description agree on date, official source), same candidate. Series-level spot check: Vancouver Mayor 2026 structure confirmed via rules_primary/description text."
Vancouver Mayor 2026: Kareem Allam,binary,elections,Kalshi,KXVANCOUVERMAYOR-26OCT17-KALL,"Verified 2026-08-18: same election (rules/description agree on date, official source), same candidate. Series-level spot check: Vancouver Mayor 2026 structure confirmed via rules_primary/description text."
Vancouver Mayor 2026: Kareem Allam,binary,elections,Polymarket,1822538,"Verified 2026-08-18: same election (rules/description agree on date, official source), same candidate. Series-level spot check: Vancouver Mayor 2026 structure confirmed via rules_primary/description text."
Vancouver Mayor 2026: Rebecca Bligh,binary,elections,Kalshi,KXVANCOUVERMAYOR-26OCT17-RBLI,"Verified 2026-08-18: same election (rules/description agree on date, official source), same candidate. Series-level spot check: Vancouver Mayor 2026 structure confirmed via rules_primary/description text."
Vancouver Mayor 2026: Rebecca Bligh,binary,elections,Polymarket,1822541,"Verified 2026-08-18: same election (rules/description agree on date, official source), same candidate. Series-level spot check: Vancouver Mayor 2026 structure confirmed via rules_primary/description text."
Vancouver Mayor 2026: Pete Fry,binary,elections,Kalshi,KXVANCOUVERMAYOR-26OCT17-PFRY,"Verified 2026-08-18: same election (rules/description agree on date, official source), same candidate. Series-level spot check: Vancouver Mayor 2026 structure confirmed via rules_primary/description text."
Vancouver Mayor 2026: Pete Fry,binary,elections,Polymarket,1822542,"Verified 2026-08-18: same election (rules/description agree on date, official source), same candidate. Series-level spot check: Vancouver Mayor 2026 structure confirmed via rules_primary/description text."
Vancouver Mayor 2026: John Coupar,binary,elections,Kalshi,KXVANCOUVERMAYOR-26OCT17-JCOU,"Verified 2026-08-18: same election (rules/description agree on date, official source), same candidate. Series-level spot check: Vancouver Mayor 2026 structure confirmed via rules_primary/description text."
Vancouver Mayor 2026: John Coupar,binary,elections,Polymarket,1822539,"Verified 2026-08-18: same election (rules/description agree on date, official source), same candidate. Series-level spot check: Vancouver Mayor 2026 structure confirmed via rules_primary/description text."
Vancouver Mayor 2026: Kirk LaPointe,binary,elections,Kalshi,KXVANCOUVERMAYOR-26OCT17-KLAP,"Verified 2026-08-18: same election (rules/description agree on date, official source), same candidate. Series-level spot check: Vancouver Mayor 2026 structure confirmed via rules_primary/description text."
Vancouver Mayor 2026: Kirk LaPointe,binary,elections,Polymarket,1822540,"Verified 2026-08-18: same election (rules/description agree on date, official source), same candidate. Series-level spot check: Vancouver Mayor 2026 structure confirmed via rules_primary/description text."
Vancouver Mayor 2026: Sean Orr,binary,elections,Kalshi,KXVANCOUVERMAYOR-26OCT17-SORR,"Verified 2026-08-18: same election (rules/description agree on date, official source), same candidate. Series-level spot check: Vancouver Mayor 2026 structure confirmed via rules_primary/description text."
Vancouver Mayor 2026: Sean Orr,binary,elections,Polymarket,1822544,"Verified 2026-08-18: same election (rules/description agree on date, official source), same candidate. Series-level spot check: Vancouver Mayor 2026 structure confirmed via rules_primary/description text."
Vancouver Mayor 2026: William Azaroff,binary,elections,Kalshi,KXVANCOUVERMAYOR-26OCT17-WAZA,"Verified 2026-08-18: same election (rules/description agree on date, official source), same candidate. Series-level spot check: Vancouver Mayor 2026 structure confirmed via rules_primary/description text."
Vancouver Mayor 2026: William Azaroff,binary,elections,Polymarket,1822543,"Verified 2026-08-18: same election (rules/description agree on date, official source), same candidate. Series-level spot check: Vancouver Mayor 2026 structure confirmed via rules_primary/description text."
Vancouver Mayor 2026: Colleen Hardwick,binary,elections,Kalshi,KXVANCOUVERMAYOR-26OCT17-CHAR,"Verified 2026-08-18: same election (rules/description agree on date, official source), same candidate. Series-level spot check: Vancouver Mayor 2026 structure confirmed via rules_primary/description text."
Vancouver Mayor 2026: Colleen Hardwick,binary,elections,Polymarket,1822545,"Verified 2026-08-18: same election (rules/description agree on date, official source), same candidate. Series-level spot check: Vancouver Mayor 2026 structure confirmed via rules_primary/description text."
Vancouver Mayor 2026: Stephanie Allen,binary,elections,Kalshi,KXVANCOUVERMAYOR-26OCT17-SALL,"Verified 2026-08-18: same election (rules/description agree on date, official source), same candidate. Series-level spot check: Vancouver Mayor 2026 structure confirmed via rules_primary/description text."
Vancouver Mayor 2026: Stephanie Allen,binary,elections,Polymarket,1822549,"Verified 2026-08-18: same election (rules/description agree on date, official source), same candidate. Series-level spot check: Vancouver Mayor 2026 structure confirmed via rules_primary/description text."
São Paulo Governor 2026: Tarcísio de Freitas,binary,elections,Kalshi,KXSPGOV-26OCT04-TFRE,"Verified 2026-08-18: same election (rules/description agree on date, official source), same candidate. Series-level spot check: São Paulo Governor 2026 structure confirmed via rules_primary/description text."
São Paulo Governor 2026: Tarcísio de Freitas,binary,elections,Polymarket,2088352,"Verified 2026-08-18: same election (rules/description agree on date, official source), same candidate. Series-level spot check: São Paulo Governor 2026 structure confirmed via rules_primary/description text."
São Paulo Governor 2026: Fernando Haddad,binary,elections,Kalshi,KXSPGOV-26OCT04-FHAD,"Verified 2026-08-18: same election (rules/description agree on date, official source), same candidate. Series-level spot check: São Paulo Governor 2026 structure confirmed via rules_primary/description text."
São Paulo Governor 2026: Fernando Haddad,binary,elections,Polymarket,2088353,"Verified 2026-08-18: same election (rules/description agree on date, official source), same candidate. Series-level spot check: São Paulo Governor 2026 structure confirmed via rules_primary/description text."
São Paulo Governor 2026: Kim Kataguiri,binary,elections,Kalshi,KXSPGOV-26OCT04-KKAT,"Verified 2026-08-18: same election (rules/description agree on date, official source), same candidate. Series-level spot check: São Paulo Governor 2026 structure confirmed via rules_primary/description text."
São Paulo Governor 2026: Kim Kataguiri,binary,elections,Polymarket,2088357,"Verified 2026-08-18: same election (rules/description agree on date, official source), same candidate. Series-level spot check: São Paulo Governor 2026 structure confirmed via rules_primary/description text."
São Paulo Governor 2026: Márcio França,binary,elections,Kalshi,KXSPGOV-26OCT04-MFRA,"Verified 2026-08-18: same election (rules/description agree on date, official source), same candidate. Series-level spot check: São Paulo Governor 2026 structure confirmed via rules_primary/description text."
São Paulo Governor 2026: Márcio França,binary,elections,Polymarket,2088354,"Verified 2026-08-18: same election (rules/description agree on date, official source), same candidate. Series-level spot check: São Paulo Governor 2026 structure confirmed via rules_primary/description text."
São Paulo Governor 2026: Erika Hilton,binary,elections,Kalshi,KXSPGOV-26OCT04-EHIL,"Verified 2026-08-18: same election (rules/description agree on date, official source), same candidate. Series-level spot check: São Paulo Governor 2026 structure confirmed via rules_primary/description text."
São Paulo Governor 2026: Erika Hilton,binary,elections,Polymarket,2088355,"Verified 2026-08-18: same election (rules/description agree on date, official source), same candidate. Series-level spot check: São Paulo Governor 2026 structure confirmed via rules_primary/description text."
Minas Gerais Governor 2026: Cleitinho Azevedo,binary,elections,Kalshi,KXMINASGOV-26OCT04-CAZE,"Verified 2026-08-18: same election (rules/description agree on date, official source), same candidate. Series-level spot check: Minas Gerais Governor 2026 structure confirmed via rules_primary/description text."
Minas Gerais Governor 2026: Cleitinho Azevedo,binary,elections,Polymarket,2088926,"Verified 2026-08-18: same election (rules/description agree on date, official source), same candidate. Series-level spot check: Minas Gerais Governor 2026 structure confirmed via rules_primary/description text."
Minas Gerais Governor 2026: Rodrigo Pacheco,binary,elections,Kalshi,KXMINASGOV-26OCT04-RPAC,"Verified 2026-08-18: same election (rules/description agree on date, official source), same candidate. Series-level spot check: Minas Gerais Governor 2026 structure confirmed via rules_primary/description text."
Minas Gerais Governor 2026: Rodrigo Pacheco,binary,elections,Polymarket,2088927,"Verified 2026-08-18: same election (rules/description agree on date, official source), same candidate. Series-level spot check: Minas Gerais Governor 2026 structure confirmed via rules_primary/description text."
Minas Gerais Governor 2026: Alexandre Kalil,binary,elections,Kalshi,KXMINASGOV-26OCT04-AKAL,"Verified 2026-08-18: same election (rules/description agree on date, official source), same candidate. Series-level spot check: Minas Gerais Governor 2026 structure confirmed via rules_primary/description text."
Minas Gerais Governor 2026: Alexandre Kalil,binary,elections,Polymarket,2088929,"Verified 2026-08-18: same election (rules/description agree on date, official source), same candidate. Series-level spot check: Minas Gerais Governor 2026 structure confirmed via rules_primary/description text."
Minas Gerais Governor 2026: Mateus Simões,binary,elections,Kalshi,KXMINASGOV-26OCT04-MSIM,"Verified 2026-08-18: same election (rules/description agree on date, official source), same candidate. Series-level spot check: Minas Gerais Governor 2026 structure confirmed via rules_primary/description text."
Minas Gerais Governor 2026: Mateus Simões,binary,elections,Polymarket,2088930,"Verified 2026-08-18: same election (rules/description agree on date, official source), same candidate. Series-level spot check: Minas Gerais Governor 2026 structure confirmed via rules_primary/description text."
Minas Gerais Governor 2026: Gabriel Azevedo,binary,elections,Kalshi,KXMINASGOV-26OCT04-GAZE,"Verified 2026-08-18: same election (rules/description agree on date, official source), same candidate. Series-level spot check: Minas Gerais Governor 2026 structure confirmed via rules_primary/description text."
Minas Gerais Governor 2026: Gabriel Azevedo,binary,elections,Polymarket,2088934,"Verified 2026-08-18: same election (rules/description agree on date, official source), same candidate. Series-level spot check: Minas Gerais Governor 2026 structure confirmed via rules_primary/description text."
Big Brother Season 28 Winner: Ashley Trail,binary,culture,Kalshi,KXBIGBROTHER-26DEC31-ASH,"Verified: both resolve on official finale winner announcement for Big Brother Season 28. Date fields disagree (Kalshi expected_expiration_time=2026-12-31, Polymarket endDate=2026-10-01) but this is not a real mismatch -- Polymarket text explicitly cites the same Dec 31 2026 fallback deadline Kalshi uses; endDate is just a rolling current-guess estimate of the actual finale date, confirmed by reading both rules_primary/rules_secondary and description text directly."
Big Brother Season 28 Winner: Ashley Trail,binary,culture,Polymarket,2853698,"Verified: both resolve on official finale winner announcement for Big Brother Season 28. Date fields disagree (Kalshi expected_expiration_time=2026-12-31, Polymarket endDate=2026-10-01) but this is not a real mismatch -- Polymarket text explicitly cites the same Dec 31 2026 fallback deadline Kalshi uses; endDate is just a rolling current-guess estimate of the actual finale date, confirmed by reading both rules_primary/rules_secondary and description text directly."
Big Brother Season 28 Winner: Barrett Pfeiffer,binary,culture,Kalshi,KXBIGBROTHER-26DEC31-BAR,"Verified: both resolve on official finale winner announcement for Big Brother Season 28. Date fields disagree (Kalshi expected_expiration_time=2026-12-31, Polymarket endDate=2026-10-01) but this is not a real mismatch -- Polymarket text explicitly cites the same Dec 31 2026 fallback deadline Kalshi uses; endDate is just a rolling current-guess estimate of the actual finale date, confirmed by reading both rules_primary/rules_secondary and description text directly."
Big Brother Season 28 Winner: Barrett Pfeiffer,binary,culture,Polymarket,2853699,"Verified: both resolve on official finale winner announcement for Big Brother Season 28. Date fields disagree (Kalshi expected_expiration_time=2026-12-31, Polymarket endDate=2026-10-01) but this is not a real mismatch -- Polymarket text explicitly cites the same Dec 31 2026 fallback deadline Kalshi uses; endDate is just a rolling current-guess estimate of the actual finale date, confirmed by reading both rules_primary/rules_secondary and description text directly."
Big Brother Season 28 Winner: Chuk Anyanwu,binary,culture,Kalshi,KXBIGBROTHER-26DEC31-CHU,"Verified: both resolve on official finale winner announcement for Big Brother Season 28. Date fields disagree (Kalshi expected_expiration_time=2026-12-31, Polymarket endDate=2026-10-01) but this is not a real mismatch -- Polymarket text explicitly cites the same Dec 31 2026 fallback deadline Kalshi uses; endDate is just a rolling current-guess estimate of the actual finale date, confirmed by reading both rules_primary/rules_secondary and description text directly."
Big Brother Season 28 Winner: Chuk Anyanwu,binary,culture,Polymarket,2853700,"Verified: both resolve on official finale winner announcement for Big Brother Season 28. Date fields disagree (Kalshi expected_expiration_time=2026-12-31, Polymarket endDate=2026-10-01) but this is not a real mismatch -- Polymarket text explicitly cites the same Dec 31 2026 fallback deadline Kalshi uses; endDate is just a rolling current-guess estimate of the actual finale date, confirmed by reading both rules_primary/rules_secondary and description text directly."
Big Brother Season 28 Winner: Drew Campbell,binary,culture,Kalshi,KXBIGBROTHER-26DEC31-DRE,"Verified: both resolve on official finale winner announcement for Big Brother Season 28. Date fields disagree (Kalshi expected_expiration_time=2026-12-31, Polymarket endDate=2026-10-01) but this is not a real mismatch -- Polymarket text explicitly cites the same Dec 31 2026 fallback deadline Kalshi uses; endDate is just a rolling current-guess estimate of the actual finale date, confirmed by reading both rules_primary/rules_secondary and description text directly."
Big Brother Season 28 Winner: Drew Campbell,binary,culture,Polymarket,2853701,"Verified: both resolve on official finale winner announcement for Big Brother Season 28. Date fields disagree (Kalshi expected_expiration_time=2026-12-31, Polymarket endDate=2026-10-01) but this is not a real mismatch -- Polymarket text explicitly cites the same Dec 31 2026 fallback deadline Kalshi uses; endDate is just a rolling current-guess estimate of the actual finale date, confirmed by reading both rules_primary/rules_secondary and description text directly."
Big Brother Season 28 Winner: Haley Thogmartin,binary,culture,Kalshi,KXBIGBROTHER-26DEC31-HAL,"Verified: both resolve on official finale winner announcement for Big Brother Season 28. Date fields disagree (Kalshi expected_expiration_time=2026-12-31, Polymarket endDate=2026-10-01) but this is not a real mismatch -- Polymarket text explicitly cites the same Dec 31 2026 fallback deadline Kalshi uses; endDate is just a rolling current-guess estimate of the actual finale date, confirmed by reading both rules_primary/rules_secondary and description text directly."
Big Brother Season 28 Winner: Haley Thogmartin,binary,culture,Polymarket,2853702,"Verified: both resolve on official finale winner announcement for Big Brother Season 28. Date fields disagree (Kalshi expected_expiration_time=2026-12-31, Polymarket endDate=2026-10-01) but this is not a real mismatch -- Polymarket text explicitly cites the same Dec 31 2026 fallback deadline Kalshi uses; endDate is just a rolling current-guess estimate of the actual finale date, confirmed by reading both rules_primary/rules_secondary and description text directly."
Big Brother Season 28 Winner: Jason De Puy,binary,culture,Kalshi,KXBIGBROTHER-26DEC31-JAS,"Verified: both resolve on official finale winner announcement for Big Brother Season 28. Date fields disagree (Kalshi expected_expiration_time=2026-12-31, Polymarket endDate=2026-10-01) but this is not a real mismatch -- Polymarket text explicitly cites the same Dec 31 2026 fallback deadline Kalshi uses; endDate is just a rolling current-guess estimate of the actual finale date, confirmed by reading both rules_primary/rules_secondary and description text directly."
Big Brother Season 28 Winner: Jason De Puy,binary,culture,Polymarket,2853703,"Verified: both resolve on official finale winner announcement for Big Brother Season 28. Date fields disagree (Kalshi expected_expiration_time=2026-12-31, Polymarket endDate=2026-10-01) but this is not a real mismatch -- Polymarket text explicitly cites the same Dec 31 2026 fallback deadline Kalshi uses; endDate is just a rolling current-guess estimate of the actual finale date, confirmed by reading both rules_primary/rules_secondary and description text directly."
Big Brother Season 28 Winner: Kamu Kirk,binary,culture,Kalshi,KXBIGBROTHER-26DEC31-KAM,"Verified: both resolve on official finale winner announcement for Big Brother Season 28. Date fields disagree (Kalshi expected_expiration_time=2026-12-31, Polymarket endDate=2026-10-01) but this is not a real mismatch -- Polymarket text explicitly cites the same Dec 31 2026 fallback deadline Kalshi uses; endDate is just a rolling current-guess estimate of the actual finale date, confirmed by reading both rules_primary/rules_secondary and description text directly."
Big Brother Season 28 Winner: Kamu Kirk,binary,culture,Polymarket,2853704,"Verified: both resolve on official finale winner announcement for Big Brother Season 28. Date fields disagree (Kalshi expected_expiration_time=2026-12-31, Polymarket endDate=2026-10-01) but this is not a real mismatch -- Polymarket text explicitly cites the same Dec 31 2026 fallback deadline Kalshi uses; endDate is just a rolling current-guess estimate of the actual finale date, confirmed by reading both rules_primary/rules_secondary and description text directly."
Big Brother Season 28 Winner: LaTrice Verrett,binary,culture,Kalshi,KXBIGBROTHER-26DEC31-LAT,"Verified: both resolve on official finale winner announcement for Big Brother Season 28. Date fields disagree (Kalshi expected_expiration_time=2026-12-31, Polymarket endDate=2026-10-01) but this is not a real mismatch -- Polymarket text explicitly cites the same Dec 31 2026 fallback deadline Kalshi uses; endDate is just a rolling current-guess estimate of the actual finale date, confirmed by reading both rules_primary/rules_secondary and description text directly."
Big Brother Season 28 Winner: LaTrice Verrett,binary,culture,Polymarket,2853705,"Verified: both resolve on official finale winner announcement for Big Brother Season 28. Date fields disagree (Kalshi expected_expiration_time=2026-12-31, Polymarket endDate=2026-10-01) but this is not a real mismatch -- Polymarket text explicitly cites the same Dec 31 2026 fallback deadline Kalshi uses; endDate is just a rolling current-guess estimate of the actual finale date, confirmed by reading both rules_primary/rules_secondary and description text directly."
Big Brother Season 28 Winner: Lyric Medeiros,binary,culture,Kalshi,KXBIGBROTHER-26DEC31-LYR,"Verified: both resolve on official finale winner announcement for Big Brother Season 28. Date fields disagree (Kalshi expected_expiration_time=2026-12-31, Polymarket endDate=2026-10-01) but this is not a real mismatch -- Polymarket text explicitly cites the same Dec 31 2026 fallback deadline Kalshi uses; endDate is just a rolling current-guess estimate of the actual finale date, confirmed by reading both rules_primary/rules_secondary and description text directly."
Big Brother Season 28 Winner: Lyric Medeiros,binary,culture,Polymarket,2853706,"Verified: both resolve on official finale winner announcement for Big Brother Season 28. Date fields disagree (Kalshi expected_expiration_time=2026-12-31, Polymarket endDate=2026-10-01) but this is not a real mismatch -- Polymarket text explicitly cites the same Dec 31 2026 fallback deadline Kalshi uses; endDate is just a rolling current-guess estimate of the actual finale date, confirmed by reading both rules_primary/rules_secondary and description text directly."
Big Brother Season 28 Winner: Mallory Aurichio,binary,culture,Kalshi,KXBIGBROTHER-26DEC31-MAL,"Verified: both resolve on official finale winner announcement for Big Brother Season 28. Date fields disagree (Kalshi expected_expiration_time=2026-12-31, Polymarket endDate=2026-10-01) but this is not a real mismatch -- Polymarket text explicitly cites the same Dec 31 2026 fallback deadline Kalshi uses; endDate is just a rolling current-guess estimate of the actual finale date, confirmed by reading both rules_primary/rules_secondary and description text directly."
Big Brother Season 28 Winner: Mallory Aurichio,binary,culture,Polymarket,2853707,"Verified: both resolve on official finale winner announcement for Big Brother Season 28. Date fields disagree (Kalshi expected_expiration_time=2026-12-31, Polymarket endDate=2026-10-01) but this is not a real mismatch -- Polymarket text explicitly cites the same Dec 31 2026 fallback deadline Kalshi uses; endDate is just a rolling current-guess estimate of the actual finale date, confirmed by reading both rules_primary/rules_secondary and description text directly."
Big Brother Season 28 Winner: Melody Morris,binary,culture,Kalshi,KXBIGBROTHER-26DEC31-MEL,"Verified: both resolve on official finale winner announcement for Big Brother Season 28. Date fields disagree (Kalshi expected_expiration_time=2026-12-31, Polymarket endDate=2026-10-01) but this is not a real mismatch -- Polymarket text explicitly cites the same Dec 31 2026 fallback deadline Kalshi uses; endDate is just a rolling current-guess estimate of the actual finale date, confirmed by reading both rules_primary/rules_secondary and description text directly."
Big Brother Season 28 Winner: Melody Morris,binary,culture,Polymarket,2853708,"Verified: both resolve on official finale winner announcement for Big Brother Season 28. Date fields disagree (Kalshi expected_expiration_time=2026-12-31, Polymarket endDate=2026-10-01) but this is not a real mismatch -- Polymarket text explicitly cites the same Dec 31 2026 fallback deadline Kalshi uses; endDate is just a rolling current-guess estimate of the actual finale date, confirmed by reading both rules_primary/rules_secondary and description text directly."
Big Brother Season 28 Winner: Rome Seymour,binary,culture,Kalshi,KXBIGBROTHER-26DEC31-ROM,"Verified: both resolve on official finale winner announcement for Big Brother Season 28. Date fields disagree (Kalshi expected_expiration_time=2026-12-31, Polymarket endDate=2026-10-01) but this is not a real mismatch -- Polymarket text explicitly cites the same Dec 31 2026 fallback deadline Kalshi uses; endDate is just a rolling current-guess estimate of the actual finale date, confirmed by reading both rules_primary/rules_secondary and description text directly."
Big Brother Season 28 Winner: Rome Seymour,binary,culture,Polymarket,2853709,"Verified: both resolve on official finale winner announcement for Big Brother Season 28. Date fields disagree (Kalshi expected_expiration_time=2026-12-31, Polymarket endDate=2026-10-01) but this is not a real mismatch -- Polymarket text explicitly cites the same Dec 31 2026 fallback deadline Kalshi uses; endDate is just a rolling current-guess estimate of the actual finale date, confirmed by reading both rules_primary/rules_secondary and description text directly."
Big Brother Season 28 Winner: Taylor Brown,binary,culture,Kalshi,KXBIGBROTHER-26DEC31-TAY,"Verified: both resolve on official finale winner announcement for Big Brother Season 28. Date fields disagree (Kalshi expected_expiration_time=2026-12-31, Polymarket endDate=2026-10-01) but this is not a real mismatch -- Polymarket text explicitly cites the same Dec 31 2026 fallback deadline Kalshi uses; endDate is just a rolling current-guess estimate of the actual finale date, confirmed by reading both rules_primary/rules_secondary and description text directly."
Big Brother Season 28 Winner: Taylor Brown,binary,culture,Polymarket,2853710,"Verified: both resolve on official finale winner announcement for Big Brother Season 28. Date fields disagree (Kalshi expected_expiration_time=2026-12-31, Polymarket endDate=2026-10-01) but this is not a real mismatch -- Polymarket text explicitly cites the same Dec 31 2026 fallback deadline Kalshi uses; endDate is just a rolling current-guess estimate of the actual finale date, confirmed by reading both rules_primary/rules_secondary and description text directly."
Big Brother Season 28 Winner: Yash Patel,binary,culture,Kalshi,KXBIGBROTHER-26DEC31-YAS,"Verified: both resolve on official finale winner announcement for Big Brother Season 28. Date fields disagree (Kalshi expected_expiration_time=2026-12-31, Polymarket endDate=2026-10-01) but this is not a real mismatch -- Polymarket text explicitly cites the same Dec 31 2026 fallback deadline Kalshi uses; endDate is just a rolling current-guess estimate of the actual finale date, confirmed by reading both rules_primary/rules_secondary and description text directly."
Big Brother Season 28 Winner: Yash Patel,binary,culture,Polymarket,2853711,"Verified: both resolve on official finale winner announcement for Big Brother Season 28. Date fields disagree (Kalshi expected_expiration_time=2026-12-31, Polymarket endDate=2026-10-01) but this is not a real mismatch -- Polymarket text explicitly cites the same Dec 31 2026 fallback deadline Kalshi uses; endDate is just a rolling current-guess estimate of the actual finale date, confirmed by reading both rules_primary/rules_secondary and description text directly."
Big Brother Season 28 Winner: Angela Murray,binary,culture,Kalshi,KXBIGBROTHER-26DEC31-ANG,"Verified: both resolve on official finale winner announcement for Big Brother Season 28. Date fields disagree (Kalshi expected_expiration_time=2026-12-31, Polymarket endDate=2026-10-01) but this is not a real mismatch -- Polymarket text explicitly cites the same Dec 31 2026 fallback deadline Kalshi uses; endDate is just a rolling current-guess estimate of the actual finale date, confirmed by reading both rules_primary/rules_secondary and description text directly."
Big Brother Season 28 Winner: Angela Murray,binary,culture,Polymarket,2853713,"Verified: both resolve on official finale winner announcement for Big Brother Season 28. Date fields disagree (Kalshi expected_expiration_time=2026-12-31, Polymarket endDate=2026-10-01) but this is not a real mismatch -- Polymarket text explicitly cites the same Dec 31 2026 fallback deadline Kalshi uses; endDate is just a rolling current-guess estimate of the actual finale date, confirmed by reading both rules_primary/rules_secondary and description text directly."
Big Brother Season 28 Winner: Rick Devens,binary,culture,Kalshi,KXBIGBROTHER-26DEC31-RIC,"Verified: both resolve on official finale winner announcement for Big Brother Season 28. Date fields disagree (Kalshi expected_expiration_time=2026-12-31, Polymarket endDate=2026-10-01) but this is not a real mismatch -- Polymarket text explicitly cites the same Dec 31 2026 fallback deadline Kalshi uses; endDate is just a rolling current-guess estimate of the actual finale date, confirmed by reading both rules_primary/rules_secondary and description text directly."
Big Brother Season 28 Winner: Rick Devens,binary,culture,Polymarket,2853712,"Verified: both resolve on official finale winner announcement for Big Brother Season 28. Date fields disagree (Kalshi expected_expiration_time=2026-12-31, Polymarket endDate=2026-10-01) but this is not a real mismatch -- Polymarket text explicitly cites the same Dec 31 2026 fallback deadline Kalshi uses; endDate is just a rolling current-guess estimate of the actual finale date, confirmed by reading both rules_primary/rules_secondary and description text directly."
Big Brother Season 28 Winner: Dee Valladares,binary,culture,Kalshi,KXBIGBROTHER-26DEC31-DEE,"Verified: both resolve on official finale winner announcement for Big Brother Season 28. Date fields disagree (Kalshi expected_expiration_time=2026-12-31, Polymarket endDate=2026-10-01) but this is not a real mismatch -- Polymarket text explicitly cites the same Dec 31 2026 fallback deadline Kalshi uses; endDate is just a rolling current-guess estimate of the actual finale date, confirmed by reading both rules_primary/rules_secondary and description text directly."
Big Brother Season 28 Winner: Dee Valladares,binary,culture,Polymarket,2853714,"Verified: both resolve on official finale winner announcement for Big Brother Season 28. Date fields disagree (Kalshi expected_expiration_time=2026-12-31, Polymarket endDate=2026-10-01) but this is not a real mismatch -- Polymarket text explicitly cites the same Dec 31 2026 fallback deadline Kalshi uses; endDate is just a rolling current-guess estimate of the actual finale date, confirmed by reading both rules_primary/rules_secondary and description text directly."
Movie Delay: Dune Part Three (past Dec 18 2026),binary,culture,Kalshi,KXMOVIEDELAYDUNEPT3-26DEC18,"Verified: both resolve on official release-date-delay announcement past Dec 18 2026, same resolution mechanism."
Movie Delay: Dune Part Three (past Dec 18 2026),binary,culture,Polymarket,3009176,"Verified: both resolve on official release-date-delay announcement past Dec 18 2026, same resolution mechanism."
Movie Delay: Avengers Doomsday (past Dec 18 2026),binary,culture,Kalshi,KXMOVIEDELAYAVENGERS-26DEC18,"Verified: both resolve on official release-date-delay announcement past Dec 18 2026, same resolution mechanism."
Movie Delay: Avengers Doomsday (past Dec 18 2026),binary,culture,Polymarket,3009158,"Verified: both resolve on official release-date-delay announcement past Dec 18 2026, same resolution mechanism."
46th FIDE Chess Olympiad Open Tournament Winner: India,binary,sports,Kalshi,KXCHESSOLYMPIAD-26-IND,"Verified: both resolve on official FIDE tournament result (same governing body, same event). Kalshi expected_expiration_time (Oct 1) is ~3 days after Polymarket endDate (Sep 28, the tournament's actual last day) -- consistent with the confirmation-buffer pattern seen elsewhere, not a real mismatch."
46th FIDE Chess Olympiad Open Tournament Winner: India,binary,sports,Polymarket,3235949,"Verified: both resolve on official FIDE tournament result (same governing body, same event). Kalshi expected_expiration_time (Oct 1) is ~3 days after Polymarket endDate (Sep 28, the tournament's actual last day) -- consistent with the confirmation-buffer pattern seen elsewhere, not a real mismatch."
46th FIDE Chess Olympiad Open Tournament Winner: United States of America,binary,sports,Kalshi,KXCHESSOLYMPIAD-26-USA,"Verified: both resolve on official FIDE tournament result (same governing body, same event). Kalshi expected_expiration_time (Oct 1) is ~3 days after Polymarket endDate (Sep 28, the tournament's actual last day) -- consistent with the confirmation-buffer pattern seen elsewhere, not a real mismatch."
46th FIDE Chess Olympiad Open Tournament Winner: United States of America,binary,sports,Polymarket,3235948,"Verified: both resolve on official FIDE tournament result (same governing body, same event). Kalshi expected_expiration_time (Oct 1) is ~3 days after Polymarket endDate (Sep 28, the tournament's actual last day) -- consistent with the confirmation-buffer pattern seen elsewhere, not a real mismatch."
46th FIDE Chess Olympiad Open Tournament Winner: Uzbekistan,binary,sports,Kalshi,KXCHESSOLYMPIAD-26-UZB,"Verified: both resolve on official FIDE tournament result (same governing body, same event). Kalshi expected_expiration_time (Oct 1) is ~3 days after Polymarket endDate (Sep 28, the tournament's actual last day) -- consistent with the confirmation-buffer pattern seen elsewhere, not a real mismatch."
46th FIDE Chess Olympiad Open Tournament Winner: Uzbekistan,binary,sports,Polymarket,3235950,"Verified: both resolve on official FIDE tournament result (same governing body, same event). Kalshi expected_expiration_time (Oct 1) is ~3 days after Polymarket endDate (Sep 28, the tournament's actual last day) -- consistent with the confirmation-buffer pattern seen elsewhere, not a real mismatch."
46th FIDE Chess Olympiad Open Tournament Winner: China,binary,sports,Kalshi,KXCHESSOLYMPIAD-26-CHN,"Verified: both resolve on official FIDE tournament result (same governing body, same event). Kalshi expected_expiration_time (Oct 1) is ~3 days after Polymarket endDate (Sep 28, the tournament's actual last day) -- consistent with the confirmation-buffer pattern seen elsewhere, not a real mismatch."
46th FIDE Chess Olympiad Open Tournament Winner: China,binary,sports,Polymarket,3235951,"Verified: both resolve on official FIDE tournament result (same governing body, same event). Kalshi expected_expiration_time (Oct 1) is ~3 days after Polymarket endDate (Sep 28, the tournament's actual last day) -- consistent with the confirmation-buffer pattern seen elsewhere, not a real mismatch."
46th FIDE Chess Olympiad Open Tournament Winner: Serbia,binary,sports,Kalshi,KXCHESSOLYMPIAD-26-SRB,"Verified: both resolve on official FIDE tournament result (same governing body, same event). Kalshi expected_expiration_time (Oct 1) is ~3 days after Polymarket endDate (Sep 28, the tournament's actual last day) -- consistent with the confirmation-buffer pattern seen elsewhere, not a real mismatch."
46th FIDE Chess Olympiad Open Tournament Winner: Serbia,binary,sports,Polymarket,3235982,"Verified: both resolve on official FIDE tournament result (same governing body, same event). Kalshi expected_expiration_time (Oct 1) is ~3 days after Polymarket endDate (Sep 28, the tournament's actual last day) -- consistent with the confirmation-buffer pattern seen elsewhere, not a real mismatch."
46th FIDE Chess Olympiad Open Tournament Winner: Armenia,binary,sports,Kalshi,KXCHESSOLYMPIAD-26-ARM,"Verified: both resolve on official FIDE tournament result (same governing body, same event). Kalshi expected_expiration_time (Oct 1) is ~3 days after Polymarket endDate (Sep 28, the tournament's actual last day) -- consistent with the confirmation-buffer pattern seen elsewhere, not a real mismatch."
46th FIDE Chess Olympiad Open Tournament Winner: Armenia,binary,sports,Polymarket,3235953,"Verified: both resolve on official FIDE tournament result (same governing body, same event). Kalshi expected_expiration_time (Oct 1) is ~3 days after Polymarket endDate (Sep 28, the tournament's actual last day) -- consistent with the confirmation-buffer pattern seen elsewhere, not a real mismatch."
46th FIDE Chess Olympiad Open Tournament Winner: Germany,binary,sports,Kalshi,KXCHESSOLYMPIAD-26-GER,"Verified: both resolve on official FIDE tournament result (same governing body, same event). Kalshi expected_expiration_time (Oct 1) is ~3 days after Polymarket endDate (Sep 28, the tournament's actual last day) -- consistent with the confirmation-buffer pattern seen elsewhere, not a real mismatch."
46th FIDE Chess Olympiad Open Tournament Winner: Germany,binary,sports,Polymarket,3235969,"Verified: both resolve on official FIDE tournament result (same governing body, same event). Kalshi expected_expiration_time (Oct 1) is ~3 days after Polymarket endDate (Sep 28, the tournament's actual last day) -- consistent with the confirmation-buffer pattern seen elsewhere, not a real mismatch."
46th FIDE Chess Olympiad Open Tournament Winner: Azerbaijan,binary,sports,Kalshi,KXCHESSOLYMPIAD-26-AZE,"Verified: both resolve on official FIDE tournament result (same governing body, same event). Kalshi expected_expiration_time (Oct 1) is ~3 days after Polymarket endDate (Sep 28, the tournament's actual last day) -- consistent with the confirmation-buffer pattern seen elsewhere, not a real mismatch."
46th FIDE Chess Olympiad Open Tournament Winner: Azerbaijan,binary,sports,Polymarket,3235956,"Verified: both resolve on official FIDE tournament result (same governing body, same event). Kalshi expected_expiration_time (Oct 1) is ~3 days after Polymarket endDate (Sep 28, the tournament's actual last day) -- consistent with the confirmation-buffer pattern seen elsewhere, not a real mismatch."
46th FIDE Chess Olympiad Open Tournament Winner: Slovenia,binary,sports,Kalshi,KXCHESSOLYMPIAD-26-SVN,"Verified: both resolve on official FIDE tournament result (same governing body, same event). Kalshi expected_expiration_time (Oct 1) is ~3 days after Polymarket endDate (Sep 28, the tournament's actual last day) -- consistent with the confirmation-buffer pattern seen elsewhere, not a real mismatch."
46th FIDE Chess Olympiad Open Tournament Winner: Slovenia,binary,sports,Polymarket,3235983,"Verified: both resolve on official FIDE tournament result (same governing body, same event). Kalshi expected_expiration_time (Oct 1) is ~3 days after Polymarket endDate (Sep 28, the tournament's actual last day) -- consistent with the confirmation-buffer pattern seen elsewhere, not a real mismatch."
46th FIDE Chess Olympiad Open Tournament Winner: Spain,binary,sports,Kalshi,KXCHESSOLYMPIAD-26-ESP,"Verified: both resolve on official FIDE tournament result (same governing body, same event). Kalshi expected_expiration_time (Oct 1) is ~3 days after Polymarket endDate (Sep 28, the tournament's actual last day) -- consistent with the confirmation-buffer pattern seen elsewhere, not a real mismatch."
46th FIDE Chess Olympiad Open Tournament Winner: Spain,binary,sports,Polymarket,3235966,"Verified: both resolve on official FIDE tournament result (same governing body, same event). Kalshi expected_expiration_time (Oct 1) is ~3 days after Polymarket endDate (Sep 28, the tournament's actual last day) -- consistent with the confirmation-buffer pattern seen elsewhere, not a real mismatch."
46th FIDE Chess Olympiad Open Tournament Winner: Hungary,binary,sports,Kalshi,KXCHESSOLYMPIAD-26-HUN,"Verified: both resolve on official FIDE tournament result (same governing body, same event). Kalshi expected_expiration_time (Oct 1) is ~3 days after Polymarket endDate (Sep 28, the tournament's actual last day) -- consistent with the confirmation-buffer pattern seen elsewhere, not a real mismatch."
46th FIDE Chess Olympiad Open Tournament Winner: Hungary,binary,sports,Polymarket,3235971,"Verified: both resolve on official FIDE tournament result (same governing body, same event). Kalshi expected_expiration_time (Oct 1) is ~3 days after Polymarket endDate (Sep 28, the tournament's actual last day) -- consistent with the confirmation-buffer pattern seen elsewhere, not a real mismatch."
46th FIDE Chess Olympiad Open Tournament Winner: Turkiye,binary,sports,Kalshi,KXCHESSOLYMPIAD-26-TUR,"Verified: both resolve on official FIDE tournament result (same governing body, same event). Kalshi expected_expiration_time (Oct 1) is ~3 days after Polymarket endDate (Sep 28, the tournament's actual last day) -- consistent with the confirmation-buffer pattern seen elsewhere, not a real mismatch."
46th FIDE Chess Olympiad Open Tournament Winner: Turkiye,binary,sports,Polymarket,3235986,"Verified: both resolve on official FIDE tournament result (same governing body, same event). Kalshi expected_expiration_time (Oct 1) is ~3 days after Polymarket endDate (Sep 28, the tournament's actual last day) -- consistent with the confirmation-buffer pattern seen elsewhere, not a real mismatch."
46th FIDE Chess Olympiad Open Tournament Winner: Greece,binary,sports,Kalshi,KXCHESSOLYMPIAD-26-GRE,"Verified: both resolve on official FIDE tournament result (same governing body, same event). Kalshi expected_expiration_time (Oct 1) is ~3 days after Polymarket endDate (Sep 28, the tournament's actual last day) -- consistent with the confirmation-buffer pattern seen elsewhere, not a real mismatch."
46th FIDE Chess Olympiad Open Tournament Winner: Greece,binary,sports,Polymarket,3235970,"Verified: both resolve on official FIDE tournament result (same governing body, same event). Kalshi expected_expiration_time (Oct 1) is ~3 days after Polymarket endDate (Sep 28, the tournament's actual last day) -- consistent with the confirmation-buffer pattern seen elsewhere, not a real mismatch."
46th FIDE Chess Olympiad Open Tournament Winner: Norway,binary,sports,Kalshi,KXCHESSOLYMPIAD-26-NOR,"Verified: both resolve on official FIDE tournament result (same governing body, same event). Kalshi expected_expiration_time (Oct 1) is ~3 days after Polymarket endDate (Sep 28, the tournament's actual last day) -- consistent with the confirmation-buffer pattern seen elsewhere, not a real mismatch."
46th FIDE Chess Olympiad Open Tournament Winner: Norway,binary,sports,Polymarket,3235979,"Verified: both resolve on official FIDE tournament result (same governing body, same event). Kalshi expected_expiration_time (Oct 1) is ~3 days after Polymarket endDate (Sep 28, the tournament's actual last day) -- consistent with the confirmation-buffer pattern seen elsewhere, not a real mismatch."
46th FIDE Chess Olympiad Open Tournament Winner: France,binary,sports,Kalshi,KXCHESSOLYMPIAD-26-FRA,"Verified: both resolve on official FIDE tournament result (same governing body, same event). Kalshi expected_expiration_time (Oct 1) is ~3 days after Polymarket endDate (Sep 28, the tournament's actual last day) -- consistent with the confirmation-buffer pattern seen elsewhere, not a real mismatch."
46th FIDE Chess Olympiad Open Tournament Winner: France,binary,sports,Polymarket,3235967,"Verified: both resolve on official FIDE tournament result (same governing body, same event). Kalshi expected_expiration_time (Oct 1) is ~3 days after Polymarket endDate (Sep 28, the tournament's actual last day) -- consistent with the confirmation-buffer pattern seen elsewhere, not a real mismatch."
46th FIDE Chess Olympiad Open Tournament Winner: Ukraine,binary,sports,Kalshi,KXCHESSOLYMPIAD-26-UKR,"Verified: both resolve on official FIDE tournament result (same governing body, same event). Kalshi expected_expiration_time (Oct 1) is ~3 days after Polymarket endDate (Sep 28, the tournament's actual last day) -- consistent with the confirmation-buffer pattern seen elsewhere, not a real mismatch."
46th FIDE Chess Olympiad Open Tournament Winner: Ukraine,binary,sports,Polymarket,3235952,"Verified: both resolve on official FIDE tournament result (same governing body, same event). Kalshi expected_expiration_time (Oct 1) is ~3 days after Polymarket endDate (Sep 28, the tournament's actual last day) -- consistent with the confirmation-buffer pattern seen elsewhere, not a real mismatch."
46th FIDE Chess Olympiad Open Tournament Winner: Romania,binary,sports,Kalshi,KXCHESSOLYMPIAD-26-ROU,"Verified: both resolve on official FIDE tournament result (same governing body, same event). Kalshi expected_expiration_time (Oct 1) is ~3 days after Polymarket endDate (Sep 28, the tournament's actual last day) -- consistent with the confirmation-buffer pattern seen elsewhere, not a real mismatch."
46th FIDE Chess Olympiad Open Tournament Winner: Romania,binary,sports,Polymarket,3235981,"Verified: both resolve on official FIDE tournament result (same governing body, same event). Kalshi expected_expiration_time (Oct 1) is ~3 days after Polymarket endDate (Sep 28, the tournament's actual last day) -- consistent with the confirmation-buffer pattern seen elsewhere, not a real mismatch."
46th FIDE Chess Olympiad Open Tournament Winner: Czech Republic,binary,sports,Kalshi,KXCHESSOLYMPIAD-26-CZE,"Verified: both resolve on official FIDE tournament result (same governing body, same event). Kalshi expected_expiration_time (Oct 1) is ~3 days after Polymarket endDate (Sep 28, the tournament's actual last day) -- consistent with the confirmation-buffer pattern seen elsewhere, not a real mismatch."
46th FIDE Chess Olympiad Open Tournament Winner: Czech Republic,binary,sports,Polymarket,3235963,"Verified: both resolve on official FIDE tournament result (same governing body, same event). Kalshi expected_expiration_time (Oct 1) is ~3 days after Polymarket endDate (Sep 28, the tournament's actual last day) -- consistent with the confirmation-buffer pattern seen elsewhere, not a real mismatch."
46th FIDE Chess Olympiad Open Tournament Winner: Georgia,binary,sports,Kalshi,KXCHESSOLYMPIAD-26-GEO,"Verified: both resolve on official FIDE tournament result (same governing body, same event). Kalshi expected_expiration_time (Oct 1) is ~3 days after Polymarket endDate (Sep 28, the tournament's actual last day) -- consistent with the confirmation-buffer pattern seen elsewhere, not a real mismatch."
46th FIDE Chess Olympiad Open Tournament Winner: Georgia,binary,sports,Polymarket,3235968,"Verified: both resolve on official FIDE tournament result (same governing body, same event). Kalshi expected_expiration_time (Oct 1) is ~3 days after Polymarket endDate (Sep 28, the tournament's actual last day) -- consistent with the confirmation-buffer pattern seen elsewhere, not a real mismatch."
46th FIDE Chess Olympiad Open Tournament Winner: England,binary,sports,Kalshi,KXCHESSOLYMPIAD-26-ENG,"Verified: both resolve on official FIDE tournament result (same governing body, same event). Kalshi expected_expiration_time (Oct 1) is ~3 days after Polymarket endDate (Sep 28, the tournament's actual last day) -- consistent with the confirmation-buffer pattern seen elsewhere, not a real mismatch."
46th FIDE Chess Olympiad Open Tournament Winner: England,binary,sports,Polymarket,3235965,"Verified: both resolve on official FIDE tournament result (same governing body, same event). Kalshi expected_expiration_time (Oct 1) is ~3 days after Polymarket endDate (Sep 28, the tournament's actual last day) -- consistent with the confirmation-buffer pattern seen elsewhere, not a real mismatch."
46th FIDE Chess Olympiad Open Tournament Winner: Netherlands,binary,sports,Kalshi,KXCHESSOLYMPIAD-26-NED,"Verified: both resolve on official FIDE tournament result (same governing body, same event). Kalshi expected_expiration_time (Oct 1) is ~3 days after Polymarket endDate (Sep 28, the tournament's actual last day) -- consistent with the confirmation-buffer pattern seen elsewhere, not a real mismatch."
46th FIDE Chess Olympiad Open Tournament Winner: Netherlands,binary,sports,Polymarket,3235978,"Verified: both resolve on official FIDE tournament result (same governing body, same event). Kalshi expected_expiration_time (Oct 1) is ~3 days after Polymarket endDate (Sep 28, the tournament's actual last day) -- consistent with the confirmation-buffer pattern seen elsewhere, not a real mismatch."
46th FIDE Chess Olympiad Open Tournament Winner: Poland,binary,sports,Kalshi,KXCHESSOLYMPIAD-26-POL,"Verified: both resolve on official FIDE tournament result (same governing body, same event). Kalshi expected_expiration_time (Oct 1) is ~3 days after Polymarket endDate (Sep 28, the tournament's actual last day) -- consistent with the confirmation-buffer pattern seen elsewhere, not a real mismatch."
46th FIDE Chess Olympiad Open Tournament Winner: Poland,binary,sports,Polymarket,3235980,"Verified: both resolve on official FIDE tournament result (same governing body, same event). Kalshi expected_expiration_time (Oct 1) is ~3 days after Polymarket endDate (Sep 28, the tournament's actual last day) -- consistent with the confirmation-buffer pattern seen elsewhere, not a real mismatch."
46th FIDE Chess Olympiad Open Tournament Winner: Moldova,binary,sports,Kalshi,KXCHESSOLYMPIAD-26-MDA,"Verified: both resolve on official FIDE tournament result (same governing body, same event). Kalshi expected_expiration_time (Oct 1) is ~3 days after Polymarket endDate (Sep 28, the tournament's actual last day) -- consistent with the confirmation-buffer pattern seen elsewhere, not a real mismatch."
46th FIDE Chess Olympiad Open Tournament Winner: Moldova,binary,sports,Polymarket,3235976,"Verified: both resolve on official FIDE tournament result (same governing body, same event). Kalshi expected_expiration_time (Oct 1) is ~3 days after Polymarket endDate (Sep 28, the tournament's actual last day) -- consistent with the confirmation-buffer pattern seen elsewhere, not a real mismatch."
46th FIDE Chess Olympiad Open Tournament Winner: Turkmenistan,binary,sports,Kalshi,KXCHESSOLYMPIAD-26-TKM,"Verified: both resolve on official FIDE tournament result (same governing body, same event). Kalshi expected_expiration_time (Oct 1) is ~3 days after Polymarket endDate (Sep 28, the tournament's actual last day) -- consistent with the confirmation-buffer pattern seen elsewhere, not a real mismatch."
46th FIDE Chess Olympiad Open Tournament Winner: Turkmenistan,binary,sports,Polymarket,3235985,"Verified: both resolve on official FIDE tournament result (same governing body, same event). Kalshi expected_expiration_time (Oct 1) is ~3 days after Polymarket endDate (Sep 28, the tournament's actual last day) -- consistent with the confirmation-buffer pattern seen elsewhere, not a real mismatch."
46th FIDE Chess Olympiad Open Tournament Winner: Vietnam,binary,sports,Kalshi,KXCHESSOLYMPIAD-26-VIE,"Verified: both resolve on official FIDE tournament result (same governing body, same event). Kalshi expected_expiration_time (Oct 1) is ~3 days after Polymarket endDate (Sep 28, the tournament's actual last day) -- consistent with the confirmation-buffer pattern seen elsewhere, not a real mismatch."
46th FIDE Chess Olympiad Open Tournament Winner: Vietnam,binary,sports,Polymarket,3235987,"Verified: both resolve on official FIDE tournament result (same governing body, same event). Kalshi expected_expiration_time (Oct 1) is ~3 days after Polymarket endDate (Sep 28, the tournament's actual last day) -- consistent with the confirmation-buffer pattern seen elsewhere, not a real mismatch."
46th FIDE Chess Olympiad Open Tournament Winner: Iran,binary,sports,Kalshi,KXCHESSOLYMPIAD-26-IRI,"Verified: both resolve on official FIDE tournament result (same governing body, same event). Kalshi expected_expiration_time (Oct 1) is ~3 days after Polymarket endDate (Sep 28, the tournament's actual last day) -- consistent with the confirmation-buffer pattern seen elsewhere, not a real mismatch."
46th FIDE Chess Olympiad Open Tournament Winner: Iran,binary,sports,Polymarket,3235972,"Verified: both resolve on official FIDE tournament result (same governing body, same event). Kalshi expected_expiration_time (Oct 1) is ~3 days after Polymarket endDate (Sep 28, the tournament's actual last day) -- consistent with the confirmation-buffer pattern seen elsewhere, not a real mismatch."
46th FIDE Chess Olympiad Open Tournament Winner: Bulgaria,binary,sports,Kalshi,KXCHESSOLYMPIAD-26-BUL,"Verified: both resolve on official FIDE tournament result (same governing body, same event). Kalshi expected_expiration_time (Oct 1) is ~3 days after Polymarket endDate (Sep 28, the tournament's actual last day) -- consistent with the confirmation-buffer pattern seen elsewhere, not a real mismatch."
46th FIDE Chess Olympiad Open Tournament Winner: Bulgaria,binary,sports,Polymarket,3235958,"Verified: both resolve on official FIDE tournament result (same governing body, same event). Kalshi expected_expiration_time (Oct 1) is ~3 days after Polymarket endDate (Sep 28, the tournament's actual last day) -- consistent with the confirmation-buffer pattern seen elsewhere, not a real mismatch."
46th FIDE Chess Olympiad Open Tournament Winner: Latvia,binary,sports,Kalshi,KXCHESSOLYMPIAD-26-LAT,"Verified: both resolve on official FIDE tournament result (same governing body, same event). Kalshi expected_expiration_time (Oct 1) is ~3 days after Polymarket endDate (Sep 28, the tournament's actual last day) -- consistent with the confirmation-buffer pattern seen elsewhere, not a real mismatch."
46th FIDE Chess Olympiad Open Tournament Winner: Latvia,binary,sports,Polymarket,3235974,"Verified: both resolve on official FIDE tournament result (same governing body, same event). Kalshi expected_expiration_time (Oct 1) is ~3 days after Polymarket endDate (Sep 28, the tournament's actual last day) -- consistent with the confirmation-buffer pattern seen elsewhere, not a real mismatch."
46th FIDE Chess Olympiad Open Tournament Winner: Kazakhstan,binary,sports,Kalshi,KXCHESSOLYMPIAD-26-KAZ,"Verified: both resolve on official FIDE tournament result (same governing body, same event). Kalshi expected_expiration_time (Oct 1) is ~3 days after Polymarket endDate (Sep 28, the tournament's actual last day) -- consistent with the confirmation-buffer pattern seen elsewhere, not a real mismatch."
46th FIDE Chess Olympiad Open Tournament Winner: Kazakhstan,binary,sports,Polymarket,3235973,"Verified: both resolve on official FIDE tournament result (same governing body, same event). Kalshi expected_expiration_time (Oct 1) is ~3 days after Polymarket endDate (Sep 28, the tournament's actual last day) -- consistent with the confirmation-buffer pattern seen elsewhere, not a real mismatch."
46th FIDE Chess Olympiad Open Tournament Winner: Sweden,binary,sports,Kalshi,KXCHESSOLYMPIAD-26-SWE,"Verified: both resolve on official FIDE tournament result (same governing body, same event). Kalshi expected_expiration_time (Oct 1) is ~3 days after Polymarket endDate (Sep 28, the tournament's actual last day) -- consistent with the confirmation-buffer pattern seen elsewhere, not a real mismatch."
46th FIDE Chess Olympiad Open Tournament Winner: Sweden,binary,sports,Polymarket,3235984,"Verified: both resolve on official FIDE tournament result (same governing body, same event). Kalshi expected_expiration_time (Oct 1) is ~3 days after Polymarket endDate (Sep 28, the tournament's actual last day) -- consistent with the confirmation-buffer pattern seen elsewhere, not a real mismatch."
46th FIDE Chess Olympiad Open Tournament Winner: Colombia,binary,sports,Kalshi,KXCHESSOLYMPIAD-26-COL,"Verified: both resolve on official FIDE tournament result (same governing body, same event). Kalshi expected_expiration_time (Oct 1) is ~3 days after Polymarket endDate (Sep 28, the tournament's actual last day) -- consistent with the confirmation-buffer pattern seen elsewhere, not a real mismatch."
46th FIDE Chess Olympiad Open Tournament Winner: Colombia,binary,sports,Polymarket,3235961,"Verified: both resolve on official FIDE tournament result (same governing body, same event). Kalshi expected_expiration_time (Oct 1) is ~3 days after Polymarket endDate (Sep 28, the tournament's actual last day) -- consistent with the confirmation-buffer pattern seen elsewhere, not a real mismatch."
46th FIDE Chess Olympiad Open Tournament Winner: Austria,binary,sports,Kalshi,KXCHESSOLYMPIAD-26-AUT,"Verified: both resolve on official FIDE tournament result (same governing body, same event). Kalshi expected_expiration_time (Oct 1) is ~3 days after Polymarket endDate (Sep 28, the tournament's actual last day) -- consistent with the confirmation-buffer pattern seen elsewhere, not a real mismatch."
46th FIDE Chess Olympiad Open Tournament Winner: Austria,binary,sports,Polymarket,3235955,"Verified: both resolve on official FIDE tournament result (same governing body, same event). Kalshi expected_expiration_time (Oct 1) is ~3 days after Polymarket endDate (Sep 28, the tournament's actual last day) -- consistent with the confirmation-buffer pattern seen elsewhere, not a real mismatch."
46th FIDE Chess Olympiad Open Tournament Winner: Croatia,binary,sports,Kalshi,KXCHESSOLYMPIAD-26-CRO,"Verified: both resolve on official FIDE tournament result (same governing body, same event). Kalshi expected_expiration_time (Oct 1) is ~3 days after Polymarket endDate (Sep 28, the tournament's actual last day) -- consistent with the confirmation-buffer pattern seen elsewhere, not a real mismatch."
46th FIDE Chess Olympiad Open Tournament Winner: Croatia,binary,sports,Polymarket,3235962,"Verified: both resolve on official FIDE tournament result (same governing body, same event). Kalshi expected_expiration_time (Oct 1) is ~3 days after Polymarket endDate (Sep 28, the tournament's actual last day) -- consistent with the confirmation-buffer pattern seen elsewhere, not a real mismatch."
46th FIDE Chess Olympiad Open Tournament Winner: Canada,binary,sports,Kalshi,KXCHESSOLYMPIAD-26-CAN,"Verified: both resolve on official FIDE tournament result (same governing body, same event). Kalshi expected_expiration_time (Oct 1) is ~3 days after Polymarket endDate (Sep 28, the tournament's actual last day) -- consistent with the confirmation-buffer pattern seen elsewhere, not a real mismatch."
46th FIDE Chess Olympiad Open Tournament Winner: Canada,binary,sports,Polymarket,3235959,"Verified: both resolve on official FIDE tournament result (same governing body, same event). Kalshi expected_expiration_time (Oct 1) is ~3 days after Polymarket endDate (Sep 28, the tournament's actual last day) -- consistent with the confirmation-buffer pattern seen elsewhere, not a real mismatch."
46th FIDE Chess Olympiad Open Tournament Winner: Brazil,binary,sports,Kalshi,KXCHESSOLYMPIAD-26-BRA,"Verified: both resolve on official FIDE tournament result (same governing body, same event). Kalshi expected_expiration_time (Oct 1) is ~3 days after Polymarket endDate (Sep 28, the tournament's actual last day) -- consistent with the confirmation-buffer pattern seen elsewhere, not a real mismatch."
46th FIDE Chess Olympiad Open Tournament Winner: Brazil,binary,sports,Polymarket,3235957,"Verified: both resolve on official FIDE tournament result (same governing body, same event). Kalshi expected_expiration_time (Oct 1) is ~3 days after Polymarket endDate (Sep 28, the tournament's actual last day) -- consistent with the confirmation-buffer pattern seen elsewhere, not a real mismatch."
46th FIDE Chess Olympiad Open Tournament Winner: Argentina,binary,sports,Kalshi,KXCHESSOLYMPIAD-26-ARG,"Verified: both resolve on official FIDE tournament result (same governing body, same event). Kalshi expected_expiration_time (Oct 1) is ~3 days after Polymarket endDate (Sep 28, the tournament's actual last day) -- consistent with the confirmation-buffer pattern seen elsewhere, not a real mismatch."
46th FIDE Chess Olympiad Open Tournament Winner: Argentina,binary,sports,Polymarket,3235954,"Verified: both resolve on official FIDE tournament result (same governing body, same event). Kalshi expected_expiration_time (Oct 1) is ~3 days after Polymarket endDate (Sep 28, the tournament's actual last day) -- consistent with the confirmation-buffer pattern seen elsewhere, not a real mismatch."
46th FIDE Chess Olympiad Open Tournament Winner: Mexico,binary,sports,Kalshi,KXCHESSOLYMPIAD-26-MEX,"Verified: both resolve on official FIDE tournament result (same governing body, same event). Kalshi expected_expiration_time (Oct 1) is ~3 days after Polymarket endDate (Sep 28, the tournament's actual last day) -- consistent with the confirmation-buffer pattern seen elsewhere, not a real mismatch."
46th FIDE Chess Olympiad Open Tournament Winner: Mexico,binary,sports,Polymarket,3235977,"Verified: both resolve on official FIDE tournament result (same governing body, same event). Kalshi expected_expiration_time (Oct 1) is ~3 days after Polymarket endDate (Sep 28, the tournament's actual last day) -- consistent with the confirmation-buffer pattern seen elsewhere, not a real mismatch."
46th FIDE Chess Olympiad Open Tournament Winner: Egypt,binary,sports,Kalshi,KXCHESSOLYMPIAD-26-EGY,"Verified: both resolve on official FIDE tournament result (same governing body, same event). Kalshi expected_expiration_time (Oct 1) is ~3 days after Polymarket endDate (Sep 28, the tournament's actual last day) -- consistent with the confirmation-buffer pattern seen elsewhere, not a real mismatch."
46th FIDE Chess Olympiad Open Tournament Winner: Egypt,binary,sports,Polymarket,3235964,"Verified: both resolve on official FIDE tournament result (same governing body, same event). Kalshi expected_expiration_time (Oct 1) is ~3 days after Polymarket endDate (Sep 28, the tournament's actual last day) -- consistent with the confirmation-buffer pattern seen elsewhere, not a real mismatch."
46th FIDE Chess Olympiad Open Tournament Winner: Chile,binary,sports,Kalshi,KXCHESSOLYMPIAD-26-CHI,"Verified: both resolve on official FIDE tournament result (same governing body, same event). Kalshi expected_expiration_time (Oct 1) is ~3 days after Polymarket endDate (Sep 28, the tournament's actual last day) -- consistent with the confirmation-buffer pattern seen elsewhere, not a real mismatch."
46th FIDE Chess Olympiad Open Tournament Winner: Chile,binary,sports,Polymarket,3235960,"Verified: both resolve on official FIDE tournament result (same governing body, same event). Kalshi expected_expiration_time (Oct 1) is ~3 days after Polymarket endDate (Sep 28, the tournament's actual last day) -- consistent with the confirmation-buffer pattern seen elsewhere, not a real mismatch."
46th FIDE Chess Olympiad Open Tournament Winner: Lithuania,binary,sports,Kalshi,KXCHESSOLYMPIAD-26-LTU,"Verified: both resolve on official FIDE tournament result (same governing body, same event). Kalshi expected_expiration_time (Oct 1) is ~3 days after Polymarket endDate (Sep 28, the tournament's actual last day) -- consistent with the confirmation-buffer pattern seen elsewhere, not a real mismatch."
46th FIDE Chess Olympiad Open Tournament Winner: Lithuania,binary,sports,Polymarket,3235975,"Verified: both resolve on official FIDE tournament result (same governing body, same event). Kalshi expected_expiration_time (Oct 1) is ~3 days after Polymarket endDate (Sep 28, the tournament's actual last day) -- consistent with the confirmation-buffer pattern seen elsewhere, not a real mismatch."
